State,Demographic,Year,Count
NSW,Aboriginal and Torres Strait Islander,2016,3215
NSW,Aboriginal and Torres Strait Islander,2016,750
NSW,Aboriginal and Torres Strait Islander,2016,3965
Vic.,Aboriginal and Torres Strait Islander,2016,718
Vic.,Aboriginal and Torres Strait Islander,2016,147
Vic.,Aboriginal and Torres Strait Islander,2016,865
Qld,Aboriginal and Torres Strait Islander,2016,2934
Qld,Aboriginal and Torres Strait Islander,2016,499
Qld,Aboriginal and Torres Strait Islander,2016,3433
SA,Aboriginal and Torres Strait Islander,2016,1011
SA,Aboriginal and Torres Strait Islander,2016,179
SA,Aboriginal and Torres Strait Islander,2016,1190
WA,Aboriginal and Torres Strait Islander,2016,2459
WA,Aboriginal and Torres Strait Islander,2016,672
WA,Aboriginal and Torres Strait Islander,2016,3131
Tas.,Aboriginal and Torres Strait Islander,2016,188
Tas.,Aboriginal and Torres Strait Islander,2016,37
Tas.,Aboriginal and Torres Strait Islander,2016,225
NT,Aboriginal and Torres Strait Islander,2016,2332
NT,Aboriginal and Torres Strait Islander,2016,315
NT,Aboriginal and Torres Strait Islander,2016,2647
ACT,Aboriginal and Torres Strait Islander,2016,86
ACT,Aboriginal and Torres Strait Islander,2016,26
ACT,Aboriginal and Torres Strait Islander,2016,112
Australia,Aboriginal and Torres Strait Islander,2016,12943
Australia,Aboriginal and Torres Strait Islander,2016,2625
Australia,Aboriginal and Torres Strait Islander,2016,15568
NSW,Non-Indigenous,2016,8714
NSW,Non-Indigenous,2016,1121
NSW,Non-Indigenous,2016,9835
Vic.,Non-Indigenous,2016,6177
Vic.,Non-Indigenous,2016,800
Vic.,Non-Indigenous,2016,6977
Qld,Non-Indigenous,2016,5806
Qld,Non-Indigenous,2016,824
Qld,Non-Indigenous,2016,6630
SA,Non-Indigenous,2016,2895
SA,Non-Indigenous,2016,329
SA,Non-Indigenous,2016,3224
WA,Non-Indigenous,2016,4035
WA,Non-Indigenous,2016,556
WA,Non-Indigenous,2016,4591
Tas.,Non-Indigenous,2016,817
Tas.,Non-Indigenous,2016,122
Tas.,Non-Indigenous,2016,939
NT,Non-Indigenous,2016,381
NT,Non-Indigenous,2016,62
NT,Non-Indigenous,2016,443
ACT,Non-Indigenous,2016,415
ACT,Non-Indigenous,2016,56
ACT,Non-Indigenous,2016,471
Australia,Non-Indigenous,2016,29240
Australia,Non-Indigenous,2016,3870
Australia,Non-Indigenous,2016,33110
NSW,Both,2016,11983
NSW,Both,2016,1889
NSW,Both,2016,13872
Vic.,Both,2016,7076
Vic.,Both,2016,1051
Vic.,Both,2016,8127
Qld,Both,2016,8740
Qld,Both,2016,1323
Qld,Both,2016,10063
SA,Both,2016,4230
SA,Both,2016,558
SA,Both,2016,4788
WA,Both,2016,6494
WA,Both,2016,1228
WA,Both,2016,7722
Tas.,Both,2016,1036
Tas.,Both,2016,169
Tas.,Both,2016,1205
NT,Both,2016,2713
NT,Both,2016,377
NT,Both,2016,3090
ACT,Both,2016,520
ACT,Both,2016,85
ACT,Both,2016,605
Australia,Both,2016,42792
Australia,Both,2016,6680
Australia,Both,2016,49472
NSW,Aboriginal and Torres Strait Islander,2017,4514
NSW,Aboriginal and Torres Strait Islander,2017,1066
NSW,Aboriginal and Torres Strait Islander,2017,5580
Vic.,Aboriginal and Torres Strait Islander,2017,943
Vic.,Aboriginal and Torres Strait Islander,2017,247
Vic.,Aboriginal and Torres Strait Islander,2017,1190
Qld,Aboriginal and Torres Strait Islander,2017,3769
Qld,Aboriginal and Torres Strait Islander,2017,665
Qld,Aboriginal and Torres Strait Islander,2017,4434
SA,Aboriginal and Torres Strait Islander,2017,1281
SA,Aboriginal and Torres Strait Islander,2017,249
SA,Aboriginal and Torres Strait Islander,2017,1530
WA,Aboriginal and Torres Strait Islander,2017,3429
WA,Aboriginal and Torres Strait Islander,2017,950
WA,Aboriginal and Torres Strait Islander,2017,4379
Tas.,Aboriginal and Torres Strait Islander,2017,287
Tas.,Aboriginal and Torres Strait Islander,2017,62
Tas.,Aboriginal and Torres Strait Islander,2017,349
NT,Aboriginal and Torres Strait Islander,2017,3336
NT,Aboriginal and Torres Strait Islander,2017,493
NT,Aboriginal and Torres Strait Islander,2017,3829
ACT,Aboriginal and Torres Strait Islander,2017,132
ACT,Aboriginal and Torres Strait Islander,2017,45
ACT,Aboriginal and Torres Strait Islander,2017,177
Australia,Aboriginal and Torres Strait Islander,2017,17691
Australia,Aboriginal and Torres Strait Islander,2017,3777
Australia,Aboriginal and Torres Strait Islander,2017,21468
NSW,Non-Indigenous,2017,11284
NSW,Non-Indigenous,2017,1627
NSW,Non-Indigenous,2017,12911
Vic.,Non-Indigenous,2017,7866
Vic.,Non-Indigenous,2017,1180
Vic.,Non-Indigenous,2017,9046
Qld,Non-Indigenous,2017,7368
Qld,Non-Indigenous,2017,1024
Qld,Non-Indigenous,2017,8392
SA,Non-Indigenous,2017,3302
SA,Non-Indigenous,2017,381
SA,Non-Indigenous,2017,3683
WA,Non-Indigenous,2017,5093
WA,Non-Indigenous,2017,866
WA,Non-Indigenous,2017,5959
Tas.,Non-Indigenous,2017,1117
Tas.,Non-Indigenous,2017,171
Tas.,Non-Indigenous,2017,1288
NT,Non-Indigenous,2017,527
NT,Non-Indigenous,2017,72
NT,Non-Indigenous,2017,599
ACT,Non-Indigenous,2017,596
ACT,Non-Indigenous,2017,109
ACT,Non-Indigenous,2017,705
Australia,Non-Indigenous,2017,37153
Australia,Non-Indigenous,2017,5430
Australia,Non-Indigenous,2017,42583
NSW,Both,2017,15903
NSW,Both,2017,2706
NSW,Both,2017,18609
Vic.,Both,2017,9018
Vic.,Both,2017,1513
Vic.,Both,2017,10531
Qld,Both,2017,11137
Qld,Both,2017,1689
Qld,Both,2017,12826
SA,Both,2017,5013
SA,Both,2017,699
SA,Both,2017,5712
WA,Both,2017,8522
WA,Both,2017,1816
WA,Both,2017,10338
Tas.,Both,2017,1425
Tas.,Both,2017,240
Tas.,Both,2017,1665
NT,Both,2017,3863
NT,Both,2017,565
NT,Both,2017,4428
ACT,Both,2017,755
ACT,Both,2017,160
ACT,Both,2017,916
Australia,Both,2017,55636
Australia,Both,2017,9388
Australia,Both,2017,65025
NSW,Aboriginal and Torres Strait Islander,2018,4703
NSW,Aboriginal and Torres Strait Islander,2018,1066
NSW,Aboriginal and Torres Strait Islander,2018,5769
Vic.,Aboriginal and Torres Strait Islander,2018,1206
Vic.,Aboriginal and Torres Strait Islander,2018,300
Vic.,Aboriginal and Torres Strait Islander,2018,1506
Qld,Aboriginal and Torres Strait Islander,2018,3909
Qld,Aboriginal and Torres Strait Islander,2018,713
Qld,Aboriginal and Torres Strait Islander,2018,4622
SA,Aboriginal and Torres Strait Islander,2018,1356
SA,Aboriginal and Torres Strait Islander,2018,249
SA,Aboriginal and Torres Strait Islander,2018,1605
WA,Aboriginal and Torres Strait Islander,2018,3408
WA,Aboriginal and Torres Strait Islander,2018,934
WA,Aboriginal and Torres Strait Islander,2018,4342
Tas.,Aboriginal and Torres Strait Islander,2018,308
Tas.,Aboriginal and Torres Strait Islander,2018,47
Tas.,Aboriginal and Torres Strait Islander,2018,355
NT,Aboriginal and Torres Strait Islander,2018,3315
NT,Aboriginal and Torres Strait Islander,2018,455
NT,Aboriginal and Torres Strait Islander,2018,3770
ACT,Aboriginal and Torres Strait Islander,2018,137
ACT,Aboriginal and Torres Strait Islander,2018,53
ACT,Aboriginal and Torres Strait Islander,2018,190
Australia,Aboriginal and Torres Strait Islander,2018,18342
Australia,Aboriginal and Torres Strait Islander,2018,3817
Australia,Aboriginal and Torres Strait Islander,2018,22159
NSW,Non-Indigenous,2018,11578
NSW,Non-Indigenous,2018,1535
NSW,Non-Indigenous,2018,13113
Vic.,Non-Indigenous,2018,9390
Vic.,Non-Indigenous,2018,1397
Vic.,Non-Indigenous,2018,10787
Qld,Non-Indigenous,2018,7734
Qld,Non-Indigenous,2018,1189
Qld,Non-Indigenous,2018,8924
SA,Non-Indigenous,2018,3181
SA,Non-Indigenous,2018,425
SA,Non-Indigenous,2018,3607
WA,Non-Indigenous,2018,4842
WA,Non-Indigenous,2018,846
WA,Non-Indigenous,2018,5688
Tas.,Non-Indigenous,2018,1242
Tas.,Non-Indigenous,2018,213
Tas.,Non-Indigenous,2018,1455
NT,Non-Indigenous,2018,496
NT,Non-Indigenous,2018,56
NT,Non-Indigenous,2018,552
ACT,Non-Indigenous,2018,545
ACT,Non-Indigenous,2018,83
ACT,Non-Indigenous,2018,628
Australia,Non-Indigenous,2018,39008
Australia,Non-Indigenous,2018,5744
Australia,Non-Indigenous,2018,44754
NSW,Both,2018,16499
NSW,Both,2018,2641
NSW,Both,2018,19149
Vic.,Both,2018,10912
Vic.,Both,2018,1758
Vic.,Both,2018,12670
Qld,Both,2018,11643
Qld,Both,2018,1902
Qld,Both,2018,13546
SA,Both,2018,5021
SA,Both,2018,744
SA,Both,2018,5766
WA,Both,2018,8250
WA,Both,2018,1780
WA,Both,2018,10030
Tas.,Both,2018,1577
Tas.,Both,2018,272
Tas.,Both,2018,1849
NT,Both,2018,3811
NT,Both,2018,511
NT,Both,2018,4322
ACT,Both,2018,711
ACT,Both,2018,140
ACT,Both,2018,851
Australia,Both,2018,58424
Australia,Both,2018,9748
Australia,Both,2018,68183
NSW,Aboriginal and Torres Strait Islander,2019,5200
NSW,Aboriginal and Torres Strait Islander,2019,1111
NSW,Aboriginal and Torres Strait Islander,2019,6311
Vic.,Aboriginal and Torres Strait Islander,2019,1379
Vic.,Aboriginal and Torres Strait Islander,2019,327
Vic.,Aboriginal and Torres Strait Islander,2019,1706
Qld,Aboriginal and Torres Strait Islander,2019,4355
Qld,Aboriginal and Torres Strait Islander,2019,762
Qld,Aboriginal and Torres Strait Islander,2019,5117
SA,Aboriginal and Torres Strait Islander,2019,1402
SA,Aboriginal and Torres Strait Islander,2019,244
SA,Aboriginal and Torres Strait Islander,2019,1646
WA,Aboriginal and Torres Strait Islander,2019,3207
WA,Aboriginal and Torres Strait Islander,2019,842
WA,Aboriginal and Torres Strait Islander,2019,4049
Tas.,Aboriginal and Torres Strait Islander,2019,320
Tas.,Aboriginal and Torres Strait Islander,2019,62
Tas.,Aboriginal and Torres Strait Islander,2019,382
NT,Aboriginal and Torres Strait Islander,2019,2987
NT,Aboriginal and Torres Strait Islander,2019,401
NT,Aboriginal and Torres Strait Islander,2019,3388
ACT,Aboriginal and Torres Strait Islander,2019,144
ACT,Aboriginal and Torres Strait Islander,2019,42
ACT,Aboriginal and Torres Strait Islander,2019,186
Australia,Aboriginal and Torres Strait Islander,2019,18994
Australia,Aboriginal and Torres Strait Islander,2019,3791
Australia,Aboriginal and Torres Strait Islander,2019,22785
NSW,Non-Indigenous,2019,12002
NSW,Non-Indigenous,2019,1592
NSW,Non-Indigenous,2019,13594
Vic.,Non-Indigenous,2019,9790
Vic.,Non-Indigenous,2019,1376
Vic.,Non-Indigenous,2019,11166
Qld,Non-Indigenous,2019,7531
Qld,Non-Indigenous,2019,1097
Qld,Non-Indigenous,2019,8628
SA,Non-Indigenous,2019,3259
SA,Non-Indigenous,2019,352
SA,Non-Indigenous,2019,3616
WA,Non-Indigenous,2019,4838
WA,Non-Indigenous,2019,824
WA,Non-Indigenous,2019,5662
Tas.,Non-Indigenous,2019,1250
Tas.,Non-Indigenous,2019,201
Tas.,Non-Indigenous,2019,1451
NT,Non-Indigenous,2019,435
NT,Non-Indigenous,2019,74
NT,Non-Indigenous,2019,509
ACT,Non-Indigenous,2019,528
ACT,Non-Indigenous,2019,87
ACT,Non-Indigenous,2019,616
Australia,Non-Indigenous,2019,39633
Australia,Non-Indigenous,2019,5603
Australia,Non-Indigenous,2019,45242
NSW,Both,2019,17438
NSW,Both,2019,2734
NSW,Both,2019,20172
Vic.,Both,2019,11432
Vic.,Both,2019,1766
Vic.,Both,2019,13198
Qld,Both,2019,11886
Qld,Both,2019,1859
Qld,Both,2019,13745
SA,Both,2019,5033
SA,Both,2019,634
SA,Both,2019,5673
WA,Both,2019,8045
WA,Both,2019,1666
WA,Both,2019,9711
Tas.,Both,2019,1608
Tas.,Both,2019,271
Tas.,Both,2019,1879
NT,Both,2019,3422
NT,Both,2019,475
NT,Both,2019,3897
ACT,Both,2019,687
ACT,Both,2019,130
ACT,Both,2019,818
Australia,Both,2019,59551
Australia,Both,2019,9535
Australia,Both,2019,69093
NSW,Aboriginal and Torres Strait Islander,2020,5035
NSW,Aboriginal and Torres Strait Islander,2020,976
NSW,Aboriginal and Torres Strait Islander,2020,6011
Vic.,Aboriginal and Torres Strait Islander,2020,1204
Vic.,Aboriginal and Torres Strait Islander,2020,248
Vic.,Aboriginal and Torres Strait Islander,2020,1452
Qld,Aboriginal and Torres Strait Islander,2020,4255
Qld,Aboriginal and Torres Strait Islander,2020,727
Qld,Aboriginal and Torres Strait Islander,2020,4982
SA,Aboriginal and Torres Strait Islander,2020,1505
SA,Aboriginal and Torres Strait Islander,2020,276
SA,Aboriginal and Torres Strait Islander,2020,1783
WA,Aboriginal and Torres Strait Islander,2020,2958
WA,Aboriginal and Torres Strait Islander,2020,705
WA,Aboriginal and Torres Strait Islander,2020,3663
Tas.,Aboriginal and Torres Strait Islander,2020,286
Tas.,Aboriginal and Torres Strait Islander,2020,49
Tas.,Aboriginal and Torres Strait Islander,2020,335
NT,Aboriginal and Torres Strait Islander,2020,2937
NT,Aboriginal and Torres Strait Islander,2020,348
NT,Aboriginal and Torres Strait Islander,2020,3285
ACT,Aboriginal and Torres Strait Islander,2020,147
ACT,Aboriginal and Torres Strait Islander,2020,59
ACT,Aboriginal and Torres Strait Islander,2020,206
Australia,Aboriginal and Torres Strait Islander,2020,18327
Australia,Aboriginal and Torres Strait Islander,2020,3388
Australia,Aboriginal and Torres Strait Islander,2020,21717
NSW,Non-Indigenous,2020,11497
NSW,Non-Indigenous,2020,1363
NSW,Non-Indigenous,2020,12860
Vic.,Non-Indigenous,2020,9061
Vic.,Non-Indigenous,2020,1067
Vic.,Non-Indigenous,2020,10128
Qld,Non-Indigenous,2020,6951
Qld,Non-Indigenous,2020,914
Qld,Non-Indigenous,2020,7865
SA,Non-Indigenous,2020,3278
SA,Non-Indigenous,2020,396
SA,Non-Indigenous,2020,3676
WA,Non-Indigenous,2020,4270
WA,Non-Indigenous,2020,670
WA,Non-Indigenous,2020,4940
Tas.,Non-Indigenous,2020,1068
Tas.,Non-Indigenous,2020,165
Tas.,Non-Indigenous,2020,1233
NT,Non-Indigenous,2020,351
NT,Non-Indigenous,2020,62
NT,Non-Indigenous,2020,413
ACT,Non-Indigenous,2020,573
ACT,Non-Indigenous,2020,69
ACT,Non-Indigenous,2020,642
Australia,Non-Indigenous,2020,37049
Australia,Non-Indigenous,2020,4706
Australia,Non-Indigenous,2020,41757
NSW,Both,2020,16646
NSW,Both,2020,2355
NSW,Both,2020,19001
Vic.,Both,2020,10579
Vic.,Both,2020,1407
Vic.,Both,2020,11986
Qld,Both,2020,11206
Qld,Both,2020,1641
Qld,Both,2020,12847
SA,Both,2020,5101
SA,Both,2020,741
SA,Both,2020,5846
WA,Both,2020,7228
WA,Both,2020,1375
WA,Both,2020,8603
Tas.,Both,2020,1389
Tas.,Both,2020,228
Tas.,Both,2020,1617
NT,Both,2020,3288
NT,Both,2020,410
NT,Both,2020,3698
ACT,Both,2020,736
ACT,Both,2020,129
ACT,Both,2020,865
Australia,Both,2020,56173
Australia,Both,2020,8286
Australia,Both,2020,64463
NSW,Aboriginal and Torres Strait Islander,2021,4908
NSW,Aboriginal and Torres Strait Islander,2021,880
NSW,Aboriginal and Torres Strait Islander,2021,5788
Vic.,Aboriginal and Torres Strait Islander,2021,1226
Vic.,Aboriginal and Torres Strait Islander,2021,226
Vic.,Aboriginal and Torres Strait Islander,2021,1452
Qld,Aboriginal and Torres Strait Islander,2021,4700
Qld,Aboriginal and Torres Strait Islander,2021,864
Qld,Aboriginal and Torres Strait Islander,2021,5564
SA,Aboriginal and Torres Strait Islander,2021,1349
SA,Aboriginal and Torres Strait Islander,2021,252
SA,Aboriginal and Torres Strait Islander,2021,1601
WA,Aboriginal and Torres Strait Islander,2021,2920
WA,Aboriginal and Torres Strait Islander,2021,628
WA,Aboriginal and Torres Strait Islander,2021,3548
Tas.,Aboriginal and Torres Strait Islander,2021,322
Tas.,Aboriginal and Torres Strait Islander,2021,62
Tas.,Aboriginal and Torres Strait Islander,2021,384
NT,Aboriginal and Torres Strait Islander,2021,3049
NT,Aboriginal and Torres Strait Islander,2021,377
NT,Aboriginal and Torres Strait Islander,2021,3426
ACT,Aboriginal and Torres Strait Islander,2021,135
ACT,Aboriginal and Torres Strait Islander,2021,45
ACT,Aboriginal and Torres Strait Islander,2021,180
Australia,Aboriginal and Torres Strait Islander,2021,18609
Australia,Aboriginal and Torres Strait Islander,2021,3334
Australia,Aboriginal and Torres Strait Islander,2021,21943
NSW,Non-Indigenous,2021,10890
NSW,Non-Indigenous,2021,1236
NSW,Non-Indigenous,2021,12126
Vic.,Non-Indigenous,2021,8198
Vic.,Non-Indigenous,2021,958
Vic.,Non-Indigenous,2021,9156
Qld,Non-Indigenous,2021,7214
Qld,Non-Indigenous,2021,978
Qld,Non-Indigenous,2021,8192
SA,Non-Indigenous,2021,3172
SA,Non-Indigenous,2021,407
SA,Non-Indigenous,2021,3582
WA,Non-Indigenous,2021,3918
WA,Non-Indigenous,2021,586
WA,Non-Indigenous,2021,4504
Tas.,Non-Indigenous,2021,1009
Tas.,Non-Indigenous,2021,174
Tas.,Non-Indigenous,2021,1183
NT,Non-Indigenous,2021,346
NT,Non-Indigenous,2021,45
NT,Non-Indigenous,2021,391
ACT,Non-Indigenous,2021,475
ACT,Non-Indigenous,2021,66
ACT,Non-Indigenous,2021,541
Australia,Non-Indigenous,2021,35222
Australia,Non-Indigenous,2021,4450
Australia,Non-Indigenous,2021,39675
NSW,Both,2021,15972
NSW,Both,2021,2140
NSW,Both,2021,18112
Vic.,Both,2021,9907
Vic.,Both,2021,1287
Vic.,Both,2021,11194
Qld,Both,2021,11914
Qld,Both,2021,1842
Qld,Both,2021,13756
SA,Both,2021,4880
SA,Both,2021,714
SA,Both,2021,5597
WA,Both,2021,6838
WA,Both,2021,1214
WA,Both,2021,8052
Tas.,Both,2021,1353
Tas.,Both,2021,258
Tas.,Both,2021,1611
NT,Both,2021,3395
NT,Both,2021,422
NT,Both,2021,3817
ACT,Both,2021,621
ACT,Both,2021,115
ACT,Both,2021,736
Australia,Both,2021,54880
Australia,Both,2021,7992
Australia,Both,2021,62875
NSW,Aboriginal and Torres Strait Islander,2022,5400
NSW,Aboriginal and Torres Strait Islander,2022,946
NSW,Aboriginal and Torres Strait Islander,2022,6346
Vic.,Aboriginal and Torres Strait Islander,2022,1228
Vic.,Aboriginal and Torres Strait Islander,2022,189
Vic.,Aboriginal and Torres Strait Islander,2022,1417
Qld,Aboriginal and Torres Strait Islander,2022,4929
Qld,Aboriginal and Torres Strait Islander,2022,930
Qld,Aboriginal and Torres Strait Islander,2022,5859
SA,Aboriginal and Torres Strait Islander,2022,1439
SA,Aboriginal and Torres Strait Islander,2022,301
SA,Aboriginal and Torres Strait Islander,2022,1740
WA,Aboriginal and Torres Strait Islander,2022,3168
WA,Aboriginal and Torres Strait Islander,2022,744
WA,Aboriginal and Torres Strait Islander,2022,3912
Tas.,Aboriginal and Torres Strait Islander,2022,321
Tas.,Aboriginal and Torres Strait Islander,2022,43
Tas.,Aboriginal and Torres Strait Islander,2022,364
NT,Aboriginal and Torres Strait Islander,2022,1525
NT,Aboriginal and Torres Strait Islander,2022,172
NT,Aboriginal and Torres Strait Islander,2022,3579
ACT,Aboriginal and Torres Strait Islander,2022,83
ACT,Aboriginal and Torres Strait Islander,2022,24
ACT,Aboriginal and Torres Strait Islander,2022,219
Australia,Aboriginal and Torres Strait Islander,2022,19839
Australia,Aboriginal and Torres Strait Islander,2022,3597
Australia,Aboriginal and Torres Strait Islander,2022,23436
NSW,Non-Indigenous,2022,10915
NSW,Non-Indigenous,2022,1217
NSW,Non-Indigenous,2022,12132
Vic.,Non-Indigenous,2022,8041
Vic.,Non-Indigenous,2022,910
Vic.,Non-Indigenous,2022,8951
Qld,Non-Indigenous,2022,7704
Qld,Non-Indigenous,2022,965
Qld,Non-Indigenous,2022,8669
SA,Non-Indigenous,2022,2867
SA,Non-Indigenous,2022,342
SA,Non-Indigenous,2022,3209
WA,Non-Indigenous,2022,3681
WA,Non-Indigenous,2022,515
WA,Non-Indigenous,2022,4197
Tas.,Non-Indigenous,2022,975
Tas.,Non-Indigenous,2022,143
Tas.,Non-Indigenous,2022,1119
NT,Non-Indigenous,2022,141
NT,Non-Indigenous,2022,16
NT,Non-Indigenous,2022,285
ACT,Non-Indigenous,2022,263
ACT,Non-Indigenous,2022,37
ACT,Non-Indigenous,2022,569
Australia,Non-Indigenous,2022,34967
Australia,Non-Indigenous,2022,4162
Australia,Non-Indigenous,2022,39131
NSW,Both,2022,16485
NSW,Both,2022,2185
NSW,Both,2022,18670
Vic.,Both,2022,9681
Vic.,Both,2022,1193
Vic.,Both,2022,10874
Qld,Both,2022,12633
Qld,Both,2022,1895
Qld,Both,2022,14528
SA,Both,2022,4596
SA,Both,2022,696
SA,Both,2022,5294
WA,Both,2022,6849
WA,Both,2022,1259
WA,Both,2022,8109
Tas.,Both,2022,1356
Tas.,Both,2022,210
Tas.,Both,2022,1567
NT,Both,2022,3441
NT,Both,2022,423
NT,Both,2022,3864
ACT,Both,2022,731
ACT,Both,2022,98
ACT,Both,2022,829
Australia,Both,2022,55772
Australia,Both,2022,7959
Australia,Both,2022,63735
NSW,Aboriginal and Torres Strait Islander,2023,5832
NSW,Aboriginal and Torres Strait Islander,2023,1127
NSW,Aboriginal and Torres Strait Islander,2023,6959
Vic.,Aboriginal and Torres Strait Islander,2023,1311
Vic.,Aboriginal and Torres Strait Islander,2023,140
Vic.,Aboriginal and Torres Strait Islander,2023,1451
Qld,Aboriginal and Torres Strait Islander,2023,5510
Qld,Aboriginal and Torres Strait Islander,2023,1084
Qld,Aboriginal and Torres Strait Islander,2023,6594
SA,Aboriginal and Torres Strait Islander,2023,1467
SA,Aboriginal and Torres Strait Islander,2023,336
SA,Aboriginal and Torres Strait Islander,2023,1803
WA,Aboriginal and Torres Strait Islander,2023,3989
WA,Aboriginal and Torres Strait Islander,2023,945
WA,Aboriginal and Torres Strait Islander,2023,4934
Tas.,Aboriginal and Torres Strait Islander,2023,402
Tas.,Aboriginal and Torres Strait Islander,2023,69
Tas.,Aboriginal and Torres Strait Islander,2023,471
NT,Aboriginal and Torres Strait Islander,2023,3518
NT,Aboriginal and Torres Strait Islander,2023,486
NT,Aboriginal and Torres Strait Islander,2023,4004
ACT,Aboriginal and Torres Strait Islander,2023,161
ACT,Aboriginal and Torres Strait Islander,2023,40
ACT,Aboriginal and Torres Strait Islander,2023,202
Australia,Aboriginal and Torres Strait Islander,2023,22190
Australia,Aboriginal and Torres Strait Islander,2023,4227
Australia,Aboriginal and Torres Strait Islander,2023,26418
NSW,Non-Indigenous,2023,11171
NSW,Non-Indigenous,2023,1213
NSW,Non-Indigenous,2023,12385
Vic.,Non-Indigenous,2023,7208
Vic.,Non-Indigenous,2023,770
Vic.,Non-Indigenous,2023,7978
Qld,Non-Indigenous,2023,8563
Qld,Non-Indigenous,2023,1110
Qld,Non-Indigenous,2023,9673
SA,Non-Indigenous,2023,3044
SA,Non-Indigenous,2023,354
SA,Non-Indigenous,2023,3398
WA,Non-Indigenous,2023,4320
WA,Non-Indigenous,2023,635
WA,Non-Indigenous,2023,4955
Tas.,Non-Indigenous,2023,1171
Tas.,Non-Indigenous,2023,151
Tas.,Non-Indigenous,2023,1322
NT,Non-Indigenous,2023,338
NT,Non-Indigenous,2023,33
NT,Non-Indigenous,2023,371
ACT,Non-Indigenous,2023,457
ACT,Non-Indigenous,2023,60
ACT,Non-Indigenous,2023,517
Australia,Non-Indigenous,2023,36272
Australia,Non-Indigenous,2023,4326
Australia,Non-Indigenous,2023,40599
NSW,Both,2023,17447
NSW,Both,2023,2407
NSW,Both,2023,19855
Vic.,Both,2023,8768
Vic.,Both,2023,961
Vic.,Both,2023,9729
Qld,Both,2023,14073
Qld,Both,2023,2194
Qld,Both,2023,16267
SA,Both,2023,4804
SA,Both,2023,727
SA,Both,2023,5531
WA,Both,2023,8309
WA,Both,2023,1580
WA,Both,2023,9889
Tas.,Both,2023,1635
Tas.,Both,2023,238
Tas.,Both,2023,1873
NT,Both,2023,3856
NT,Both,2023,519
NT,Both,2023,4375
ACT,Both,2023,673
ACT,Both,2023,107
ACT,Both,2023,781
Australia,Both,2023,59565
Australia,Both,2023,8733
Australia,Both,2023,68300
NSW,Aboriginal and Torres Strait Islander,2024,3322
NSW,Aboriginal and Torres Strait Islander,2024,682
NSW,Aboriginal and Torres Strait Islander,2024,4004
Vic.,Aboriginal and Torres Strait Islander,2024,477
Vic.,Aboriginal and Torres Strait Islander,2024,64
Vic.,Aboriginal and Torres Strait Islander,2024,541
Qld,Aboriginal and Torres Strait Islander,2024,2930
Qld,Aboriginal and Torres Strait Islander,2024,641
Qld,Aboriginal and Torres Strait Islander,2024,3571
SA,Aboriginal and Torres Strait Islander,2024,845
SA,Aboriginal and Torres Strait Islander,2024,196
SA,Aboriginal and Torres Strait Islander,2024,1041
WA,Aboriginal and Torres Strait Islander,2024,2397
WA,Aboriginal and Torres Strait Islander,2024,648
WA,Aboriginal and Torres Strait Islander,2024,3045
Tas.,Aboriginal and Torres Strait Islander,2024,207
Tas.,Aboriginal and Torres Strait Islander,2024,54
Tas.,Aboriginal and Torres Strait Islander,2024,261
NT,Aboriginal and Torres Strait Islander,2024,1652
NT,Aboriginal and Torres Strait Islander,2024,258
NT,Aboriginal and Torres Strait Islander,2024,1910
ACT,Aboriginal and Torres Strait Islander,2024,110
ACT,Aboriginal and Torres Strait Islander,2024,15
ACT,Aboriginal and Torres Strait Islander,2024,125
Australia,Aboriginal and Torres Strait Islander,2024,11940
Australia,Aboriginal and Torres Strait Islander,2024,2558
Australia,Aboriginal and Torres Strait Islander,2024,14498
NSW,Non-Indigenous,2024,6032
NSW,Non-Indigenous,2024,619
NSW,Non-Indigenous,2024,6652
Vic.,Non-Indigenous,2024,2896
Vic.,Non-Indigenous,2024,283
Vic.,Non-Indigenous,2024,3179
Qld,Non-Indigenous,2024,4236
Qld,Non-Indigenous,2024,543
Qld,Non-Indigenous,2024,4779
SA,Non-Indigenous,2024,1745
SA,Non-Indigenous,2024,190
SA,Non-Indigenous,2024,1935
WA,Non-Indigenous,2024,2525
WA,Non-Indigenous,2024,359
WA,Non-Indigenous,2024,2884
Tas.,Non-Indigenous,2024,611
Tas.,Non-Indigenous,2024,80
Tas.,Non-Indigenous,2024,691
NT,Non-Indigenous,2024,174
NT,Non-Indigenous,2024,18
NT,Non-Indigenous,2024,192
ACT,Non-Indigenous,2024,227
ACT,Non-Indigenous,2024,27
ACT,Non-Indigenous,2024,254
Australia,Non-Indigenous,2024,18446
Australia,Non-Indigenous,2024,2119
Australia,Non-Indigenous,2024,20566
NSW,Both,2024,9583
NSW,Both,2024,1348
NSW,Both,2024,10932
Vic.,Both,2024,3492
Vic.,Both,2024,375
Vic.,Both,2024,3867
Qld,Both,2024,7166
Qld,Both,2024,1184
Qld,Both,2024,8350
SA,Both,2024,2777
SA,Both,2024,414
SA,Both,2024,3191
WA,Both,2024,4922
WA,Both,2024,1007
WA,Both,2024,5929
Tas.,Both,2024,849
Tas.,Both,2024,142
Tas.,Both,2024,991
NT,Both,2024,1826
NT,Both,2024,276
NT,Both,2024,2102
ACT,Both,2024,363
ACT,Both,2024,44
ACT,Both,2024,407
Australia,Both,2024,30978
Australia,Both,2024,4790
Australia,Both,2024,35769
